{
	"credit": "Made with Blockbench",
	"parent": "block/block",
	"ambientocclusion": false,
	"texture_size": [48, 48],
	"textures": {
		"1": "block/minecart"
	},
	"elements": [
		{
			"from": [16.4, 0, 1],
			"to": [20.4, 1, 5],
			"rotation": {"angle": -22.5, "axis": "y", "origin": [19, 0, 2]},
			"faces": {
				"north": {"uv": [9.33333, 1.33333, 9.66667, 2.66667], "rotation": 90, "texture": "#1"},
				"east": {"uv": [6.66667, 10, 6.33333, 11.33333], "rotation": 270, "texture": "#1"},
				"south": {"uv": [9.66667, 1.33333, 10, 2.66667], "rotation": 270, "texture": "#1"},
				"west": {"uv": [6.33333, 11.33333, 6, 10], "rotation": 270, "texture": "#1"},
				"up": {"uv": [7, 3.33333, 8.33333, 4.66567], "rotation": 270, "texture": "#1"},
				"down": {"uv": [7, 3.33233, 8.33333, 4.66567], "rotation": 270, "texture": "#1"}
			}
		},
		{
			"from": [12, 0, 11],
			"to": [16, 1, 15],
			"rotation": {"angle": -22.5, "axis": "y", "origin": [18, 0, 13]},
			"faces": {
				"north": {"uv": [9.33333, 1.33333, 9.66667, 2.66667], "rotation": 90, "texture": "#1"},
				"east": {"uv": [6.66667, 10, 6.33333, 11.33333], "rotation": 270, "texture": "#1"},
				"south": {"uv": [9.66667, 1.33333, 10, 2.66667], "rotation": 270, "texture": "#1"},
				"west": {"uv": [6.33333, 11.33333, 6, 10], "rotation": 270, "texture": "#1"},
				"up": {"uv": [7, 3.33333, 8.33333, 4.66567], "rotation": 270, "texture": "#1"},
				"down": {"uv": [7, 3.33233, 8.33333, 4.66567], "rotation": 270, "texture": "#1"}
			}
		},
		{
			"from": [16.2, 14.9, 2],
			"to": [20.2, 15.9, 6],
			"rotation": {"angle": -22.5, "axis": "y", "origin": [20, 15, 4]},
			"faces": {
				"north": {"uv": [9.33333, 1.33333, 9.66667, 2.66667], "rotation": 90, "texture": "#1"},
				"east": {"uv": [6.66667, 10, 6.33333, 11.33333], "rotation": 270, "texture": "#1"},
				"south": {"uv": [9.66667, 1.33333, 10, 2.66667], "rotation": 270, "texture": "#1"},
				"west": {"uv": [6.33333, 11.33333, 6, 10], "rotation": 270, "texture": "#1"},
				"up": {"uv": [7, 3.33233, 8.33333, 4.66467], "rotation": 270, "texture": "#1"},
				"down": {"uv": [7, 3.33333, 8.33333, 4.66667], "rotation": 270, "texture": "#1"}
			}
		},
		{
			"from": [12.6, 14.9, 11],
			"to": [16.6, 15.9, 15],
			"rotation": {"angle": -22.5, "axis": "y", "origin": [19, 15, 13]},
			"faces": {
				"north": {"uv": [9.33333, 1.33333, 9.66667, 2.66667], "rotation": 90, "texture": "#1"},
				"east": {"uv": [6.66667, 10, 6.33333, 11.33333], "rotation": 270, "texture": "#1"},
				"south": {"uv": [9.66667, 1.33333, 10, 2.66667], "rotation": 270, "texture": "#1"},
				"west": {"uv": [6.33333, 11.33333, 6, 10], "rotation": 270, "texture": "#1"},
				"up": {"uv": [7, 3.33233, 8.33333, 4.66467], "rotation": 270, "texture": "#1"},
				"down": {"uv": [7, 3.33333, 8.33333, 4.66667], "rotation": 270, "texture": "#1"}
			}
		},
		{
			"from": [14.4, 1, -0.6],
			"to": [17.4, 15, 15.4],
			"rotation": {"angle": -22.5, "axis": "y", "origin": [17, 8, 8]},
			"faces": {
				"north": {"uv": [6, 5.66667, 10.66667, 6.66667], "rotation": 90, "texture": "#1"},
				"east": {"uv": [10.33333, 4.66667, 5.66667, 10], "rotation": 270, "texture": "#1"},
				"south": {"uv": [5.66667, 5.66667, 10.33333, 6.66667], "rotation": 270, "texture": "#1"},
				"west": {"uv": [5, 5.33333, 0.33333, 0], "rotation": 270, "texture": "#1"},
				"up": {"uv": [5.66667, 5.33333, 11, 6.33333], "rotation": 270, "texture": "#1"},
				"down": {"uv": [5.33333, 6, 10.66667, 7], "rotation": 270, "texture": "#1"}
			}
		},
		{
			"from": [9, 1, -2.9],
			"to": [19, 15, -1.9],
			"rotation": {"angle": -22.5, "axis": "y", "origin": [15, 14, -2]},
			"faces": {
				"north": {"uv": [0, 8.66667, 4.66667, 12], "rotation": 90, "texture": "#1"},
				"east": {"uv": [15.33333, 0, 10.66667, 0.33333], "rotation": 270, "texture": "#1"},
				"south": {"uv": [10.66667, 9.33333, 15.66667, 12.66667], "rotation": 270, "texture": "#1"},
				"west": {"uv": [10.33333, 7, 5.66667, 6.66667], "rotation": 270, "texture": "#1"},
				"up": {"uv": [5, 5.33333, 5.33333, 8.66667], "rotation": 270, "texture": "#1"},
				"down": {"uv": [5, 8.33333, 5.33333, 11.66667], "rotation": 270, "texture": "#1"}
			}
		},
		{
			"from": [2, 1, 15.3],
			"to": [12, 15, 16.3],
			"rotation": {"angle": -22.5, "axis": "y", "origin": [15, 11, 15]},
			"faces": {
				"north": {"uv": [0.66667, 8.66667, 5.33333, 12], "rotation": 90, "texture": "#1"},
				"east": {"uv": [15.33333, 0.33333, 10.66667, 0.66667], "rotation": 270, "texture": "#1"},
				"south": {"uv": [10.66667, 9.33333, 15.66667, 12.66667], "rotation": 270, "texture": "#1"},
				"west": {"uv": [10.33333, 6.33333, 5.66667, 6], "rotation": 270, "texture": "#1"},
				"up": {"uv": [0, 5.33333, 0.33333, 8.66667], "rotation": 270, "texture": "#1"},
				"down": {"uv": [5, 8.33333, 5.33333, 11.66667], "rotation": 270, "texture": "#1"}
			}
		},
		{
			"from": [2, 1, -1],
			"to": [12, 2, 15],
			"rotation": {"angle": -22.5, "axis": "y", "origin": [15, 1, 14]},
			"faces": {
				"north": {"uv": [4.66667, 10, 5, 13.33333], "rotation": 90, "texture": "#1"},
				"east": {"uv": [10, 4, 9.66667, 8.66667], "rotation": 270, "texture": "#1"},
				"south": {"uv": [5, 10, 5.33333, 13.33333], "rotation": 270, "texture": "#1"},
				"west": {"uv": [9.66667, 9.66667, 9.33333, 5], "rotation": 270, "texture": "#1"},
				"up": {"uv": [5.33333, 0, 10.66667, 3.33333], "rotation": 270, "texture": "#1"},
				"down": {"uv": [0, 5.33333, 5.33333, 8.66667], "rotation": 270, "texture": "#1"}
			}
		},
		{
			"from": [4, 14, -1.1],
			"to": [14, 15, 14.9],
			"rotation": {"angle": -22.5, "axis": "y", "origin": [15, 14, 9]},
			"faces": {
				"north": {"uv": [4.66667, 10, 5, 13.33333], "rotation": 90, "texture": "#1"},
				"east": {"uv": [10, 4, 9.66667, 8.66667], "rotation": 270, "texture": "#1"},
				"south": {"uv": [5, 10, 5.33333, 13.33333], "rotation": 270, "texture": "#1"},
				"west": {"uv": [9, 9.66667, 8.66667, 5], "rotation": 270, "texture": "#1"},
				"up": {"uv": [5.33333, 0, 10.66667, 3.33333], "rotation": 270, "texture": "#1"},
				"down": {"uv": [0, 5.33333, 5, 8.66667], "rotation": 270, "texture": "#1"}
			}
		},
		{
			"from": [4, 0.5, -7.5],
			"to": [7, 2.5, 7.5],
			"rotation": {"angle": -22.5, "axis": "y", "origin": [-1, 8, 1]},
			"faces": {
				"north": {"uv": [0, 0, 0.66667, 0.66667], "rotation": 90, "texture": "#1"},
				"east": {"uv": [7.66667, 4.66667, 8.33333, 10], "rotation": 270, "texture": "#1"},
				"south": {"uv": [0, 0, 0.66667, 0.66667], "rotation": 270, "texture": "#1"},
				"west": {"uv": [7, 4.66667, 7.66667, 10], "rotation": 270, "texture": "#1"},
				"up": {"uv": [5.33333, 8, 10.66667, 9], "rotation": 270, "texture": "#1"},
				"down": {"uv": [5.33333, 6, 10.66667, 7], "rotation": 270, "texture": "#1"}
			}
		},
		{
			"from": [1.9, 13.5, -7.5],
			"to": [4.9, 15.5, 7.5],
			"rotation": {"angle": -22.5, "axis": "y", "origin": [-2, 22, 7]},
			"faces": {
				"north": {"uv": [0, 0, 0.66667, 0.66667], "rotation": 90, "texture": "#1"},
				"east": {"uv": [8.66667, 4.66667, 9.33333, 10], "rotation": 270, "texture": "#1"},
				"south": {"uv": [0, 0, 0.66667, 0.66667], "rotation": 270, "texture": "#1"},
				"west": {"uv": [6.66667, 4.66667, 7.33333, 10], "rotation": 270, "texture": "#1"},
				"up": {"uv": [5.33333, 6.33333, 10.66667, 7.33333], "rotation": 270, "texture": "#1"},
				"down": {"uv": [5.33333, 6, 10.66667, 7], "rotation": 270, "texture": "#1"}
			}
		},
		{
			"from": [3, 0.5, -9.5],
			"to": [6, 15.5, -7.5],
			"rotation": {"angle": -22.5, "axis": "y", "origin": [-2, 10, 4]},
			"faces": {
				"north": {"uv": [5.33333, 7, 10.66667, 8], "rotation": 90, "texture": "#1"},
				"east": {"uv": [5.33333, 7.33333, 10.66667, 8], "rotation": 270, "texture": "#1"},
				"south": {"uv": [5, 5.66667, 10.33333, 6.66667], "rotation": 270, "texture": "#1"},
				"west": {"uv": [5.33333, 6.33333, 10.66667, 7], "rotation": 270, "texture": "#1"},
				"up": {"uv": [6.66667, 6, 7.33333, 7], "rotation": 270, "texture": "#1"},