{
	"credit": "Made with Blockbench",
	"ambientocclusion": false,
	"texture_size": [48, 48],
	"textures": {
		"1": "block/minecart",
		"particle": "block/models/rails"
	},
	"elements": [
		{
			"from": [15.4, 0, 4],
			"to": [19.4, 1, 8],
			"rotation": {"angle": -45, "axis": "y", "origin": [15, 0, 5]},
			"faces": {
				"north": {"uv": [9.33333, 1.33333, 9.66667, 2.66667], "rotation": 90, "texture": "#1"},
				"east": {"uv": [6.66667, 10, 6.33333, 11.33333], "rotation": 270, "texture": "#1"},
				"south": {"uv": [9.66667, 1.33333, 10, 2.66667], "rotation": 270, "texture": "#1"},
				"west": {"uv": [6.33333, 11.33333, 6, 10], "rotation": 270, "texture": "#1"},
				"up": {"uv": [7, 3.33333, 8.33333, 4.66567], "rotation": 270, "texture": "#1"},
				"down": {"uv": [7, 3.33233, 8.33333, 4.66567], "rotation": 270, "texture": "#1"}
			}
		},
		{
			"from": [7, 0, 14],
			"to": [11, 1, 18],
			"rotation": {"angle": -45, "axis": "y", "origin": [13, 0, 16]},
			"faces": {
				"north": {"uv": [9.33333, 1.33333, 9.66667, 2.66667], "rotation": 90, "texture": "#1"},
				"east": {"uv": [6.66667, 10, 6.33333, 11.33333], "rotation": 270, "texture": "#1"},
				"south": {"uv": [9.66667, 1.33333, 10, 2.66667], "rotation": 270, "texture": "#1"},
				"west": {"uv": [6.33333, 11.33333, 6, 10], "rotation": 270, "texture": "#1"},
				"up": {"uv": [7, 3.33333, 8.33333, 4.66567], "rotation": 270, "texture": "#1"},
				"down": {"uv": [7, 3.33233, 8.33333, 4.66567], "rotation": 270, "texture": "#1"}
			}
		},
		{
			"from": [14.1, 14.9, 7],
			"to": [18.1, 15.9, 11],
			"rotation": {"angle": -45, "axis": "y", "origin": [18, 15, 9]},
			"faces": {
				"north": {"uv": [9.33333, 1.33333, 9.66667, 2.66667], "rotation": 90, "texture": "#1"},
				"east": {"uv": [6.66667, 10, 6.33333, 11.33333], "rotation": 270, "texture": "#1"},
				"south": {"uv": [9.66667, 1.33333, 10, 2.66667], "rotation": 270, "texture": "#1"},
				"west": {"uv": [6.33333, 11.33333, 6, 10], "rotation": 270, "texture": "#1"},
				"up": {"uv": [7, 3.33233, 8.33333, 4.66467], "rotation": 270, "texture": "#1"},
				"down": {"uv": [7, 3.33333, 8.33333, 4.66667], "rotation": 270, "texture": "#1"}
			}
		},
		{
			"from": [8.4, 14.9, 17],
			"to": [12.4, 15.9, 21],
			"rotation": {"angle": -45, "axis": "y", "origin": [15, 15, 16]},
			"faces": {
				"north": {"uv": [9.33333, 1.33333, 9.66667, 2.66667], "rotation": 90, "texture": "#1"},
				"east": {"uv": [6.66667, 10, 6.33333, 11.33333], "rotation": 270, "texture": "#1"},
				"south": {"uv": [9.66667, 1.33333, 10, 2.66667], "rotation": 270, "texture": "#1"},
				"west": {"uv": [6.33333, 11.33333, 6, 10], "rotation": 270, "texture": "#1"},
				"up": {"uv": [7, 3.33233, 8.33333, 4.66467], "rotation": 270, "texture": "#1"},
				"down": {"uv": [7, 3.33333, 8.33333, 4.66667], "rotation": 270, "texture": "#1"}
			}
		},
		{
			"from": [10.8, 1, 4],
			"to": [13.8, 15, 20],
			"rotation": {"angle": -45, "axis": "y", "origin": [14, 8, 12]},
			"faces": {
				"north": {"uv": [6, 5.66667, 10.66667, 6.66667], "rotation": 90, "texture": "#1"},
				"east": {"uv": [10.33333, 4.66667, 5.66667, 10], "rotation": 270, "texture": "#1"},
				"south": {"uv": [5.66667, 5.66667, 10.33333, 6.66667], "rotation": 270, "texture": "#1"},
				"west": {"uv": [5, 5.33333, 0.33333, 0], "rotation": 270, "texture": "#1"},
				"up": {"uv": [5.66667, 5.33333, 11, 6.33333], "rotation": 270, "texture": "#1"},
				"down": {"uv": [5.33333, 6, 10.66667, 7], "rotation": 270, "texture": "#1"}
			}
		},
		{
			"from": [8.9, 1, -0.2],
			"to": [18.9, 15, 0.8],
			"rotation": {"angle": -45, "axis": "y", "origin": [14, 14, 1]},
			"faces": {
				"north": {"uv": [0, 8.66667, 4.66667, 12], "rotation": 90, "texture": "#1"},
				"east": {"uv": [15.33333, 0, 10.66667, 0.33333], "rotation": 270, "texture": "#1"},
				"south": {"uv": [10.66667, 9.33333, 15.66667, 12.66667], "rotation": 270, "texture": "#1"},
				"west": {"uv": [10.33333, 7, 5.66667, 6.66667], "rotation": 270, "texture": "#1"},
				"up": {"uv": [5, 5.33333, 5.33333, 8.66667], "rotation": 270, "texture": "#1"},
				"down": {"uv": [5, 8.33333, 5.33333, 11.66667], "rotation": 270, "texture": "#1"}
			}
		},
		{
			"from": [-4, 1, 19.6],
			"to": [6, 15, 20.6],
			"rotation": {"angle": -45, "axis": "y", "origin": [11, 11, 18]},
			"faces": {
				"north": {"uv": [0.66667, 8.66667, 5.33333, 12], "rotation": 90, "texture": "#1"},
				"east": {"uv": [15.33333, 0.33333, 10.66667, 0.66667], "rotation": 270, "texture": "#1"},
				"south": {"uv": [10.66667, 9.33333, 15.66667, 12.66667], "rotation": 270, "texture": "#1"},
				"west": {"uv": [10.33333, 6.33333, 5.66667, 6], "rotation": 270, "texture": "#1"},
				"up": {"uv": [0, 5.33333, 0.33333, 8.66667], "rotation": 270, "texture": "#1"},
				"down": {"uv": [5, 8.33333, 5.33333, 11.66667], "rotation": 270, "texture": "#1"}
			}
		},
		{
			"from": [-3.6, 1, 3.3],
			"to": [6.4, 2, 19.3],
			"rotation": {"angle": -45, "axis": "y", "origin": [11, 1, 17]},
			"faces": {
				"north": {"uv": [4.66667, 10, 5, 13.33333], "rotation": 90, "texture": "#1"},
				"east": {"uv": [10, 4, 9.66667, 8.66667], "rotation": 270, "texture": "#1"},
				"south": {"uv": [5, 10, 5.33333, 13.33333], "rotation": 270, "texture": "#1"},
				"west": {"uv": [9.66667, 9.66667, 9.33333, 5], "rotation": 270, "texture": "#1"},
				"up": {"uv": [5.33333, 0, 10.66667, 3.33333], "rotation": 270, "texture": "#1"},
				"down": {"uv": [0, 5.33333, 5.33333, 8.66667], "rotation": 270, "texture": "#1"}
			}
		},
		{
			"from": [0, 14, 1.9],
			"to": [10, 15, 17.9],
			"rotation": {"angle": -45, "axis": "y", "origin": [11, 14, 12]},
			"faces": {
				"north": {"uv": [4.66667, 10, 5, 13.33333], "rotation": 90, "texture": "#1"},
				"east": {"uv": [10, 4, 9.66667, 8.66667], "rotation": 270, "texture": "#1"},
				"south": {"uv": [5, 10, 5.33333, 13.33333], "rotation": 270, "texture": "#1"},
				"west": {"uv": [9, 9.66667, 8.66667, 5], "rotation": 270, "texture": "#1"},
				"up": {"uv": [5.33333, 0, 10.66667, 3.33333], "rotation": 270, "texture": "#1"},
				"down": {"uv": [0, 5.33333, 5, 8.66667], "rotation": 270, "texture": "#1"}
			}
		},
		{
			"from": [3.6, 0.5, -10],
			"to": [6.6, 2.5, 5],
			"rotation": {"angle": -45, "axis": "y", "origin": [-1, 8, -2]},
			"faces": {
				"north": {"uv": [0, 0, 0.66667, 0.66667], "rotation": 90, "texture": "#1"},
				"east": {"uv": [7.66667, 4.66667, 8.33333, 10], "rotation": 270, "texture": "#1"},
				"south": {"uv": [0, 0, 0.66667, 0.66667], "rotation": 270, "texture": "#1"},
				"west": {"uv": [7, 4.66667, 7.66667, 10], "rotation": 270, "texture": "#1"},
				"up": {"uv": [5.33333, 8, 10.66667, 9], "rotation": 270, "texture": "#1"},
				"down": {"uv": [5.33333, 6, 10.66667, 7], "rotation": 270, "texture": "#1"}
			}
		},
		{
			"from": [-1.1, 13.5, -11.4],
			"to": [1.9, 15.5, 3.6],
			"rotation": {"angle": -45, "axis": "y", "origin": [-5, 22, 3]},
			"faces": {
				"north": {"uv": [0, 0, 0.66667, 0.66667], "rotation": 90, "texture": "#1"},
				"east": {"uv": [8.66667, 4.66667, 9.33333, 10], "rotation": 270, "texture": "#1"},
				"south": {"uv": [0, 0, 0.66667, 0.66667], "rotation": 270, "texture": "#1"},
				"west": {"uv": [6.66667, 4.66667, 7.33333, 10], "rotation": 270, "texture": "#1"},
				"up": {"uv": [5.33333, 6.33333, 10.66667, 7.33333], "rotation": 270, "texture": "#1"},
				"down": {"uv": [5.33333, 6, 10.66667, 7], "rotation": 270, "texture": "#1"}
			}
		},
		{
			"from": [0.89, 0.5, -12.6],
			"to": [3.89, 15.5, -10.6],
			"rotation": {"angle": -45, "axis": "y", "origin": [-3, 8, 1]},
			"faces": {
				"north": {"uv": [5.33333, 7, 10.66667, 8], "rotation": 90, "texture": "#1"},
				"east": {"uv": [5.33333, 7.33333, 10.66667, 8], "rotation": 270, "texture": "#1"},
				"south": {"uv": [5, 5.66667, 10.33333, 6.66667], "rotation": 270, "texture": "#1"},
				"west": {"uv": [5.33333, 6.33333, 10.66667, 7], "rotation": 270, "texture": "#1"},
				"up": {"uv": [6.66667, 6, 7.33333, 7], "rotation": 270, "texture": "#1"},